id;capacity;current_amount;location_latitude;location_longitude
2;15;3;56.8534436;35.908607
3;10;8;56.835496;35.896238
4;15;1;56.854707;35.866129
5;12;3;56.850262;35.864109
6;11;9;56.850437;35.839363
7;10;5;56.888221;35.902937
8;10;6;56.882673;35.900268
9;10;4;56.816695;35.884096
10;10;9;56.814544;35.908657
11;10;5;56.848572;35.906425
12;8;4;56.844373;35.918805
13;9;3;56.839410;35.931627
